File,Max error,Average error
DC_OP,4.1661180098169037e-07,1.2553407463705768e-07
V1_0_3_0.01_V(4).dat,4.853756322049407e-06,1.1381500407112557e-06
V2_1_2_0.1_V(3).dat,1.7662227561039952e-06,7.945193921544373e-07
V2_1_2_0.1_V(4).dat,1.417916796588694e-06,7.844615463947068e-07
V1_0_3_0.01_V(3).dat,4.722327162856778e-06,1.1324750594003275e-06
I1_1_2_0.1_V(4).dat,1.7287449369879771e-06,5.292027571042642e-07
I1_1_2_0.1_V(3).dat,2.8364958688303037e-06,7.446421796030458e-07
DC_Sweeps total,4.853756322049407e-06,8.539084958946727e-07
