File,Max error,Average error
DC_OP,1.583768004723393e-07,5.7099346027775804e-08
V1_0_3_0.01_V(4).dat,4.853779881114191e-06,1.138151153200783e-06
I1_1_2_0.1_V(3).dat,2.8364958688303037e-06,7.44642380186474e-07
I1_1_2_0.1_V(4).dat,1.7287449369879771e-06,5.991816531499865e-07
V2_1_2_0.1_V(4).dat,1.4179188070795867e-06,7.844620087301525e-07
V2_1_2_0.1_V(3).dat,1.7662258756523294e-06,7.945199765134305e-07
V1_0_3_0.01_V(3).dat,4.722349463335921e-06,1.1324761847479337e-06
DC_Sweeps total,4.853779881114191e-06,8.655722260881266e-07
